        id,amount,reference,currency,description,date,source
1,350.24,O2RHM7,EUR,Sample transaction,2021-12-23T11:07:51Z,API
2,402.28,S8QD6F,NGN,Sample transaction,2021-08-13T00:26:16Z,API
3,148.15,Y4XBQI,USD,Sample transaction,2022-05-02T19:14:27Z,API
4,171.09,ZGOBPQ,USD,Sample transaction,2022-04-29T22:56:34Z,API
5,402.46,ORRNIS,GBP,Sample transaction,2022-06-26T07:40:21Z,API
6,933.02,ZP0OB1,EUR,Sample transaction,2022-01-25T02:00:13Z,API
7,164.45,KPYJ4W,EUR,Sample transaction,2022-07-06T07:36:31Z,API
8,517.42,7O0GEI,EUR,Sample transaction,2022-05-13T16:04:39Z,API
9,314.03,Y6YSI8,EUR,Sample transaction,2021-06-08T19:11:22Z,API
10,191.95,QAQF7O,USD,Sample transaction,2021-07-04T10:16:21Z,API
11,367.77,GJC0L4,USD,Sample transaction,2021-12-06T19:00:27Z,API
12,188.13,PBJ1DK,EUR,Sample transaction,2022-04-09T11:59:34Z,API
13,241.76,0EOI1M,USD,Sample transaction,2021-08-22T17:26:31Z,API
14,384.68,LFMSZH,GBP,Sample transaction,2022-11-13T21:16:18Z,API
15,51.15,TDH0HP,EUR,Sample transaction,2022-09-09T23:13:59Z,API
16,165.19,XKK9UF,GBP,Sample transaction,2021-03-26T17:06:31Z,API
17,553.39,EYY4FL,EUR,Sample transaction,2022-12-03T15:08:45Z,API
18,650.83,KFTHXN,GBP,Sample transaction,2021-08-22T05:24:13Z,API
19,748.52,BHH6CH,GBP,Sample transaction,2022-02-15T10:48:59Z,API
20,675.91,2VRI5L,NGN,Sample transaction,2021-09-08T01:34:44Z,API
21,203.1,AFW881,GBP,Sample transaction,2021-11-27T23:25:31Z,API
22,367.94,2S7Z08,USD,Sample transaction,2022-08-24T01:28:38Z,API
23,100.5,6BTWA0,USD,Sample transaction,2022-10-30T07:00:47Z,API
24,842.43,S6KHPF,USD,Sample transaction,2022-11-15T14:27:23Z,API
25,907.55,VXD1WA,EUR,Sample transaction,2021-03-25T19:04:44Z,API
26,764.77,HWCN6G,USD,Sample transaction,2021-04-01T01:44:25Z,API
27,192.83,JB2F1F,EUR,Sample transaction,2021-12-04T19:41:40Z,API
28,476.95,26MGAU,NGN,Sample transaction,2021-09-24T22:11:57Z,API
29,537.67,JPMLJH,NGN,Sample transaction,2021-09-30T06:35:46Z,API
30,904.12,9PZGOC,USD,Sample transaction,2021-03-25T09:30:57Z,API
31,83.65,3N5ZY4,EUR,Sample transaction,2021-06-23T23:19:57Z,API
32,200.68,BZTWHC,USD,Sample transaction,2021-03-17T23:35:26Z,API
33,549.75,I59XA3,NGN,Sample transaction,2021-11-16T22:57:56Z,API
34,212.56,INYOKU,EUR,Sample transaction,2022-12-10T15:08:29Z,API
35,939.35,A22IOE,EUR,Sample transaction,2022-08-19T08:27:43Z,API
36,539.64,TGBYWT,EUR,Sample transaction,2021-08-31T09:35:06Z,API
37,531.65,IGZGNE,EUR,Sample transaction,2021-12-12T03:58:26Z,API
38,395.27,NHHV5J,USD,Sample transaction,2021-03-06T04:01:26Z,API
39,109.39,4ZBIMH,GBP,Sample transaction,2021-11-05T19:25:45Z,API
40,404.21,CTSRZO,GBP,Sample transaction,2022-03-14T18:13:07Z,API
41,94.98,6P5DRG,EUR,Sample transaction,2021-02-16T03:28:40Z,API
42,487.66,EDK0WV,GBP,Sample transaction,2021-01-27T00:49:39Z,API
43,148.56,VSV6JJ,USD,Sample transaction,2022-07-28T23:13:57Z,API
44,717.08,H9ZYDZ,GBP,Sample transaction,2021-05-13T16:38:45Z,API
45,806.51,F76YCU,USD,Sample transaction,2022-06-09T01:54:57Z,API
46,189.77,MCLNIG,NGN,Sample transaction,2022-06-16T08:33:17Z,API
47,619.44,TDKVKJ,GBP,Sample transaction,2022-04-23T16:20:50Z,API
48,547.08,U62G5Z,USD,Sample transaction,2022-11-13T21:55:35Z,API
49,737.72,ZGLFI8,EUR,Sample transaction,2021-05-05T18:02:43Z,API
50,225.34,85QOLS,GBP,Sample transaction,2022-02-05T21:43:09Z,API
51,44.44,AGB09B,GBP,Sample transaction,2022-08-23T08:19:51Z,API
52,457.39,1HQB9I,USD,Sample transaction,2021-09-21T06:08:21Z,API
53,848.8,WUHTUD,GBP,Sample transaction,2021-10-31T22:47:27Z,API
54,832.25,1257D7,EUR,Sample transaction,2021-02-12T01:35:53Z,API
55,362.53,6HO382,USD,Sample transaction,2021-07-06T03:02:40Z,API
56,548.76,SBK7ZX,GBP,Sample transaction,2022-12-16T15:50:25Z,API
57,467.66,JUFCRJ,GBP,Sample transaction,2021-09-29T13:31:46Z,API
58,614.62,ARS23D,GBP,Sample transaction,2022-11-22T13:14:42Z,API
59,917.01,XY89GC,NGN,Sample transaction,2022-01-11T09:48:51Z,API
60,266.76,FRUXVS,GBP,Sample transaction,2022-03-15T10:03:02Z,API
61,136.36,MMJAXL,USD,Sample transaction,2022-03-06T11:03:48Z,API
62,11.93,U8X26X,NGN,Sample transaction,2021-08-04T23:02:06Z,API
63,280.5,LL8VBF,USD,Sample transaction,2021-10-23T04:59:50Z,API
64,549.46,34PU1B,NGN,Sample transaction,2022-08-28T18:40:41Z,API
65,52.24,4ZKH10,GBP,Sample transaction,2021-05-21T11:04:09Z,API
66,646.51,5EMWI0,USD,Sample transaction,2022-01-01T12:41:22Z,API
67,393.13,IV5P2Q,EUR,Sample transaction,2021-09-14T11:19:17Z,API
68,626.91,MX9C85,USD,Sample transaction,2021-07-13T15:11:50Z,API
69,92.5,0XAR2N,USD,Sample transaction,2021-05-22T12:04:54Z,API
70,550.27,ZGLM7Z,EUR,Sample transaction,2021-12-11T23:14:29Z,API
71,934.56,MAKVK2,NGN,Sample transaction,2022-03-14T07:02:29Z,API
72,955.53,06F04J,GBP,Sample transaction,2022-06-18T15:33:54Z,API
73,723.03,4LHNXM,USD,Sample transaction,2022-03-08T14:20:35Z,API
74,995.83,1RQU1Q,EUR,Sample transaction,2021-11-17T00:56:36Z,API
75,259.27,6SUIEF,NGN,Sample transaction,2021-04-02T13:42:39Z,API
76,793.35,AR5MBK,USD,Sample transaction,2021-03-23T17:34:19Z,API
77,290.37,ZOILOV,NGN,Sample transaction,2022-01-16T06:22:33Z,API
78,222.17,QSSV3B,EUR,Sample transaction,2022-12-02T00:19:24Z,API
79,522.01,0L6ZAR,EUR,Sample transaction,2021-04-25T15:39:06Z,API
80,470.63,74CM5V,GBP,Sample transaction,2021-05-09T23:01:01Z,API
81,262.16,H28FQF,GBP,Sample transaction,2021-10-22T15:18:33Z,API
82,151.47,93YR3I,GBP,Sample transaction,2022-05-01T01:40:48Z,API
83,215.02,AE023S,USD,Sample transaction,2021-04-28T03:01:21Z,API
84,828.34,F3A82N,GBP,Sample transaction,2022-08-31T08:44:34Z,API
85,129.25,WUG12Z,EUR,Sample transaction,2021-04-28T22:23:21Z,API
86,582.77,EAQKY2,NGN,Sample transaction,2021-05-20T16:17:21Z,API
87,261.62,0HR5DZ,GBP,Sample transaction,2022-01-26T11:06:19Z,API
88,540.32,20RXO1,USD,Sample transaction,2021-08-06T01:32:22Z,API
89,398.86,PQFCV3,NGN,Sample transaction,2021-10-26T18:05:37Z,API
90,200.41,454HLY,EUR,Sample transaction,2021-01-09T09:27:09Z,API
91,922.61,GGZAHT,NGN,Sample transaction,2022-08-13T23:17:24Z,API
92,75.25,D9ST5C,NGN,Sample transaction,2021-06-19T10:04:02Z,API
93,432.69,8PPQO5,USD,Sample transaction,2022-02-06T21:26:31Z,API
94,334.28,SUU8UR,NGN,Sample transaction,2022-01-03T05:29:38Z,API
95,632.82,UJAJCD,GBP,Sample transaction,2022-06-03T02:40:19Z,API
96,169.06,60V4IK,NGN,Sample transaction,2022-12-29T11:51:37Z,API
97,144.01,RJA2UK,GBP,Sample transaction,2022-06-27T18:54:34Z,API
98,715.26,N0TZ4P,USD,Sample transaction,2022-12-06T20:03:58Z,API
99,336.65,JS4B0P,GBP,Sample transaction,2022-03-23T12:30:08Z,API
100,862.09,65QS3R,GBP,Sample transaction,2022-02-14T12:13:13Z,API
101,225.85,Z14OAJ,USD,Sample transaction,2022-11-21T14:08:19Z,API
102,932.29,ZV2TW2,NGN,Sample transaction,2022-02-18T04:22:29Z,API
103,402.59,34JT5K,USD,Sample transaction,2022-10-26T09:37:43Z,API
104,574.91,3YAHEJ,USD,Sample transaction,2022-08-22T23:43:04Z,API
105,976.52,LME0KE,EUR,Sample transaction,2022-12-14T13:48:50Z,API
106,706.25,N0AQFH,NGN,Sample transaction,2022-03-11T00:15:30Z,API
107,600.7,9EOQP7,USD,Sample transaction,2022-09-27T01:40:54Z,API
108,628.97,IACZTC,USD,Sample transaction,2021-04-19T10:21:51Z,API
109,278.71,T8IF85,GBP,Sample transaction,2021-10-08T08:35:41Z,API
110,780.51,3H7GRU,GBP,Sample transaction,2022-01-25T08:46:05Z,API
111,358.07,323QU0,USD,Sample transaction,2022-04-20T15:16:30Z,API
112,391.67,GK7HMA,USD,Sample transaction,2021-12-29T16:43:43Z,API
113,66.75,NXYDBL,NGN,Sample transaction,2022-01-21T13:10:36Z,API
114,483.7,THOOD5,GBP,Sample transaction,2021-04-29T07:06:10Z,API
115,702.14,EWUC9H,NGN,Sample transaction,2022-02-10T12:36:32Z,API
116,796.3,VWQGT1,NGN,Sample transaction,2022-06-28T15:44:35Z,API
117,921.31,FXDZRN,NGN,Sample transaction,2022-09-11T02:44:43Z,API
118,420.45,984YPK,NGN,Sample transaction,2022-07-28T00:34:05Z,API
119,828.37,KL1A6W,NGN,Sample transaction,2022-02-27T05:00:39Z,API
120,961.75,9J270F,GBP,Sample transaction,2022-09-11T16:38:19Z,API
121,489.23,UE89UT,EUR,Sample transaction,2022-10-01T00:57:15Z,API
122,970.32,0A1F56,EUR,Sample transaction,2022-05-22T08:57:57Z,API
123,806.46,YUMS4I,NGN,Sample transaction,2021-04-05T08:04:55Z,API
124,171.7,KSHFU4,GBP,Sample transaction,2021-08-07T14:26:34Z,API
125,559.51,T1L5ZS,NGN,Sample transaction,2021-03-25T22:41:35Z,API
126,614.34,66LM1H,NGN,Sample transaction,2022-05-04T06:47:02Z,API
127,197.1,U81K0F,EUR,Sample transaction,2022-12-10T23:46:15Z,API
128,761.5,MLP10K,GBP,Sample transaction,2022-11-24T15:51:29Z,API
129,557.03,HG0K7W,USD,Sample transaction,2022-11-09T05:02:10Z,API
130,942.52,L54GUS,USD,Sample transaction,2021-09-17T08:17:29Z,API
131,604.9,KAFINQ,USD,Sample transaction,2022-12-04T13:06:57Z,API
132,43.53,IOZ0CF,EUR,Sample transaction,2022-06-11T07:32:26Z,API
133,886.21,BLSXHN,EUR,Sample transaction,2022-10-10T15:02:22Z,API
134,162.33,CN1L1Z,USD,Sample transaction,2022-08-31T14:18:53Z,API
135,615.61,WICXGV,NGN,Sample transaction,2022-10-05T19:27:26Z,API
136,849.63,LGGLHI,GBP,Sample transaction,2022-06-18T06:54:04Z,API
137,349.53,MRLMZ6,EUR,Sample transaction,2021-02-03T00:21:05Z,API
138,913.48,JNSO0G,USD,Sample transaction,2021-09-03T00:21:55Z,API
139,628.15,M7ELXO,USD,Sample transaction,2022-11-02T21:32:35Z,API
140,334.91,ND9IFA,USD,Sample transaction,2021-02-21T17:48:07Z,API
141,768.53,0I39IS,EUR,Sample transaction,2022-11-24T00:51:57Z,API
142,999.04,XGSDTM,GBP,Sample transaction,2022-09-05T16:48:34Z,API
143,121.69,1RR0C9,NGN,Sample transaction,2022-10-11T12:54:22Z,API
144,41.25,Y0LEGK,GBP,Sample transaction,2021-06-10T02:22:40Z,API
145,947.67,W5SI3M,NGN,Sample transaction,2022-06-15T01:39:08Z,API
146,959.6,WNP7PT,NGN,Sample transaction,2021-03-12T10:51:23Z,API
147,515.01,67DLAW,EUR,Sample transaction,2022-04-30T22:31:50Z,API
148,763.12,JSBP5M,NGN,Sample transaction,2021-07-03T16:29:08Z,API
149,981.69,2NILKN,NGN,Sample transaction,2021-03-29T09:34:44Z,API
150,774.53,G4U3BG,EUR,Sample transaction,2021-08-15T10:37:48Z,API
151,996.78,71QQOL,NGN,Sample transaction,2022-08-07T23:45:42Z,API
152,768.77,C1RH8R,GBP,Sample transaction,2022-03-08T21:00:07Z,API
153,796.31,R2JUJV,USD,Sample transaction,2022-08-25T04:27:14Z,API
154,511.38,ULYZX4,USD,Sample transaction,2022-12-03T11:55:51Z,API
155,119.08,F8ASAG,NGN,Sample transaction,2022-02-23T02:17:16Z,API
156,93.32,VOQCQ7,USD,Sample transaction,2022-06-29T10:43:06Z,API
157,896.55,7BFY8F,GBP,Sample transaction,2022-06-15T17:37:07Z,API
158,294.48,M7J4R8,EUR,Sample transaction,2021-07-22T11:15:54Z,API
159,484.93,0K4FV2,NGN,Sample transaction,2021-01-03T09:17:51Z,API
160,943.66,EYG5BG,USD,Sample transaction,2022-10-07T17:52:00Z,API
161,560.6,QK1B1J,NGN,Sample transaction,2022-12-07T20:43:53Z,API
162,644.46,2S5JKF,USD,Sample transaction,2021-10-09T05:54:51Z,API
163,26.49,MAYVW4,EUR,Sample transaction,2022-04-16T09:44:31Z,API
164,677.44,C8QV5W,NGN,Sample transaction,2022-07-28T04:08:34Z,API
165,571.05,AMYU2Q,EUR,Sample transaction,2021-08-18T15:09:55Z,API
166,995.37,MAEKSJ,EUR,Sample transaction,2021-02-03T10:33:20Z,API
167,449.53,MFH88L,NGN,Sample transaction,2022-10-25T00:42:28Z,API
168,893.2,BLMZGT,NGN,Sample transaction,2021-11-15T15:31:17Z,API
169,797.2,PKRX2R,EUR,Sample transaction,2022-12-29T02:44:20Z,API
170,998.84,BHV97E,NGN,Sample transaction,2022-06-15T14:54:57Z,API
171,822.99,P4OY62,GBP,Sample transaction,2021-08-12T00:21:06Z,API
172,452.78,UUPR5D,USD,Sample transaction,2021-09-01T15:19:18Z,API
173,930.61,6C27LW,USD,Sample transaction,2022-02-26T07:57:57Z,API
174,208.05,J3DGUI,NGN,Sample transaction,2021-09-18T04:45:00Z,API
175,83.01,0004ZY,USD,Sample transaction,2022-01-19T22:48:54Z,API
176,423.71,PIWHX5,NGN,Sample transaction,2021-07-29T01:06:19Z,API
177,880.42,2WSJP3,EUR,Sample transaction,2022-08-05T04:20:18Z,API
178,257.53,N4USZK,NGN,Sample transaction,2021-08-17T17:27:27Z,API
179,544.88,Z7A6CI,NGN,Sample transaction,2022-03-06T07:11:52Z,API
180,400.95,NG9XB3,NGN,Sample transaction,2021-07-13T05:58:34Z,API
181,321.27,H21514,USD,Sample transaction,2022-01-12T03:45:29Z,API
182,801.46,Y9F31H,NGN,Sample transaction,2022-08-06T21:38:38Z,API
183,915.47,48HMWS,GBP,Sample transaction,2022-05-16T21:06:50Z,API
184,603.37,ATMHCZ,GBP,Sample transaction,2022-05-28T07:46:42Z,API
185,613.14,SS7EO7,EUR,Sample transaction,2021-03-12T21:43:30Z,API
186,885.48,QOUE69,USD,Sample transaction,2021-12-22T05:13:14Z,API
187,177.91,EAKUWT,EUR,Sample transaction,2021-04-09T13:24:55Z,API
188,801.4,2IC3E2,GBP,Sample transaction,2022-06-24T03:25:32Z,API
189,671.93,4HNLSY,NGN,Sample transaction,2021-09-30T17:48:17Z,API
190,909.22,CLNZOI,EUR,Sample transaction,2022-07-14T01:25:31Z,API
191,343.77,UJM6VH,NGN,Sample transaction,2021-12-02T21:48:43Z,API
192,522.87,H74F4A,USD,Sample transaction,2021-10-13T16:29:14Z,API
193,209.34,TW1R5U,NGN,Sample transaction,2022-09-29T22:39:24Z,API
194,320.3,RZZI7C,NGN,Sample transaction,2021-01-31T18:56:00Z,API
195,211.38,U58SJA,NGN,Sample transaction,2022-06-10T06:39:54Z,API
196,833.43,GUWVLN,EUR,Sample transaction,2021-08-15T07:47:33Z,API
197,661.88,4YWIYH,EUR,Sample transaction,2021-06-08T09:26:05Z,API
198,631.13,K8DU5F,USD,Sample transaction,2021-05-10T04:32:46Z,API
199,811.97,LZK1EA,EUR,Sample transaction,2021-11-30T12:47:45Z,API
200,522.8,A3HF76,NGN,Sample transaction,2022-11-12T20:34:09Z,API
201,409.19,XK4AJW,EUR,Sample transaction,2022-06-27T17:07:52Z,API
202,45.61,ZF3J10,EUR,Sample transaction,2021-07-01T23:13:38Z,API
203,387.03,5W6YG4,GBP,Sample transaction,2022-05-10T19:32:14Z,API
204,287.22,TTWLFH,NGN,Sample transaction,2021-05-03T06:45:40Z,API
205,950.51,G0RGFR,USD,Sample transaction,2021-02-10T10:12:04Z,API
206,901.38,VRWFFX,GBP,Sample transaction,2021-03-02T09:31:33Z,API
207,126.39,USD69V,NGN,Sample transaction,2021-08-09T22:40:57Z,API
208,846.29,1S58G5,NGN,Sample transaction,2022-03-13T03:31:21Z,API
209,430.56,QFJX9S,USD,Sample transaction,2022-08-14T05:07:04Z,API
210,489.8,HQZFCH,GBP,Sample transaction,2021-02-13T08:13:23Z,API
211,621.71,2LZ9NS,GBP,Sample transaction,2021-06-19T23:51:02Z,API
212,475.11,12EO6S,GBP,Sample transaction,2022-08-23T22:35:53Z,API
213,950.28,HKV8FY,GBP,Sample transaction,2022-09-03T07:35:43Z,API
214,945.94,7FKKP5,NGN,Sample transaction,2022-06-10T19:23:09Z,API
215,376.71,CSBY32,USD,Sample transaction,2022-12-21T13:20:09Z,API
216,409.57,4KOORE,USD,Sample transaction,2021-09-13T08:08:44Z,API
217,953.79,E3NK91,NGN,Sample transaction,2021-10-24T06:14:30Z,API
218,59.4,5W61WW,EUR,Sample transaction,2021-09-15T05:57:29Z,API
219,773.77,5WSJE8,EUR,Sample transaction,2022-12-23T10:24:43Z,API
220,459.54,L5PA8H,NGN,Sample transaction,2021-08-07T20:39:55Z,API
221,929.69,NZOBSS,GBP,Sample transaction,2021-07-08T21:42:58Z,API
222,364.98,6HAP22,EUR,Sample transaction,2022-09-12T23:49:04Z,API
223,64.56,298FPK,NGN,Sample transaction,2021-05-30T11:28:04Z,API
224,465.12,1SZ9PY,GBP,Sample transaction,2022-04-24T00:47:27Z,API
225,677.57,HNCA5D,GBP,Sample transaction,2021-07-18T18:50:56Z,API
226,772.49,CI3QIQ,NGN,Sample transaction,2021-12-01T14:54:08Z,API
227,903.65,82DUDC,NGN,Sample transaction,2021-02-13T04:53:25Z,API
228,407.73,N4C9LW,GBP,Sample transaction,2022-05-24T12:56:14Z,API
229,366.15,8OB5K4,USD,Sample transaction,2022-05-19T19:20:40Z,API
230,769.69,ZBYMJ0,EUR,Sample transaction,2021-05-19T03:12:35Z,API
231,267.88,AH5NMN,EUR,Sample transaction,2022-07-21T06:37:45Z,API
232,544.14,H74IMI,GBP,Sample transaction,2021-06-07T19:17:10Z,API
233,339.39,R0YD0G,NGN,Sample transaction,2022-04-09T11:59:23Z,API
234,566.04,81L3JQ,NGN,Sample transaction,2022-09-12T11:17:38Z,API
235,99.69,C55BO1,GBP,Sample transaction,2022-12-20T06:31:35Z,API
236,169.8,DQ1GYP,USD,Sample transaction,2021-08-16T19:04:12Z,API
237,299.54,4QX2WT,NGN,Sample transaction,2022-09-18T00:32:32Z,API
238,599.35,JV45GB,USD,Sample transaction,2021-12-16T21:17:13Z,API
239,892.96,QIWAPA,EUR,Sample transaction,2022-04-26T15:33:47Z,API
240,601.18,DLXU7B,EUR,Sample transaction,2022-11-13T20:41:08Z,API
241,397.35,JGANSZ,GBP,Sample transaction,2022-11-24T08:08:12Z,API
242,145.13,GXTYXR,USD,Sample transaction,2022-06-13T05:34:35Z,API
243,219.71,4P7C15,NGN,Sample transaction,2021-05-01T05:36:29Z,API
244,257.14,I67W0C,USD,Sample transaction,2022-04-07T15:37:05Z,API
245,892.6,GM5OQJ,GBP,Sample transaction,2021-11-05T11:10:05Z,API
246,163.58,5NA3I4,USD,Sample transaction,2022-03-31T11:03:22Z,API
247,847.3,MOIQ17,GBP,Sample transaction,2021-12-14T18:46:24Z,API
248,398.6,YRXYOE,EUR,Sample transaction,2022-06-14T01:23:34Z,API
249,433.62,MLH69M,EUR,Sample transaction,2021-12-25T02:35:26Z,API
250,103.41,0DCFAE,GBP,Sample transaction,2022-10-07T07:42:47Z,API
251,990.83,63YIE8,EUR,Sample transaction,2022-01-22T18:19:18Z,API
252,713.02,TO23AI,GBP,Sample transaction,2022-06-04T00:27:37Z,API
253,644.59,C4M0SV,GBP,Sample transaction,2021-03-10T03:25:12Z,API
254,275.4,88L8FG,GBP,Sample transaction,2022-06-10T05:27:40Z,API
255,647.67,HE6E78,USD,Sample transaction,2021-04-15T02:43:21Z,API
256,668.34,P40W94,GBP,Sample transaction,2022-11-08T11:48:09Z,API
257,380.54,S0ZYPX,NGN,Sample transaction,2022-12-17T18:04:19Z,API
258,469.77,OCRY24,USD,Sample transaction,2021-03-27T14:46:20Z,API
259,63.56,ZX88QH,NGN,Sample transaction,2022-11-22T00:28:48Z,API
260,769.99,5D3QWP,USD,Sample transaction,2021-03-15T17:43:35Z,API
261,987.9,QOBAYN,USD,Sample transaction,2021-09-07T22:41:45Z,API
262,975.12,8D1YDZ,EUR,Sample transaction,2022-08-06T04:32:30Z,API
263,916.3,LNT0UJ,GBP,Sample transaction,2021-12-07T21:29:46Z,API
264,224.18,C1L034,GBP,Sample transaction,2022-02-21T14:42:53Z,API
265,390.63,QYC07H,GBP,Sample transaction,2021-11-24T22:23:34Z,API
266,372.18,UE0UEX,USD,Sample transaction,2022-09-12T01:54:10Z,API
267,892.41,3R6ZG3,EUR,Sample transaction,2021-02-06T19:56:08Z,API
268,324.18,BRNNYC,NGN,Sample transaction,2022-05-31T22:58:10Z,API
269,413.83,4FKSHV,GBP,Sample transaction,2022-01-13T16:31:14Z,API
270,357.32,CYIEYJ,GBP,Sample transaction,2022-10-28T00:44:57Z,API
271,912.26,KPP3EO,USD,Sample transaction,2021-10-03T07:22:19Z,API
272,188.94,EYRH5B,EUR,Sample transaction,2021-06-04T10:12:19Z,API
273,513.18,CMSF58,NGN,Sample transaction,2021-12-26T15:48:43Z,API
274,945.25,63G0LZ,USD,Sample transaction,2021-08-13T01:35:23Z,API
275,645.43,1EIQUM,EUR,Sample transaction,2022-04-14T14:27:06Z,API
276,998.86,L7BW6X,NGN,Sample transaction,2022-11-15T15:25:37Z,API
277,541.99,QWTUGQ,GBP,Sample transaction,2021-05-16T23:21:17Z,API
278,274.56,C7EUMM,GBP,Sample transaction,2022-10-04T20:34:03Z,API
279,529.52,D86FMQ,NGN,Sample transaction,2022-10-01T02:52:35Z,API
280,817.0,XE8O77,USD,Sample transaction,2022-05-18T10:44:44Z,API
281,536.13,3JPTIU,USD,Sample transaction,2022-12-18T20:55:02Z,API
282,753.72,59F8O6,EUR,Sample transaction,2021-05-01T01:18:00Z,API
283,700.21,VCQOWL,USD,Sample transaction,2021-02-10T03:11:02Z,API
284,97.35,AN44YS,EUR,Sample transaction,2022-12-11T19:01:11Z,API
285,184.08,LJ0XTO,EUR,Sample transaction,2021-03-02T09:49:12Z,API
286,197.2,NOT5R7,GBP,Sample transaction,2021-01-27T21:33:46Z,API
287,442.97,8FWQJF,EUR,Sample transaction,2022-12-14T00:04:32Z,API
288,518.39,7J78TL,GBP,Sample transaction,2022-07-15T13:42:41Z,API
289,384.11,ULKY0Q,GBP,Sample transaction,2022-01-16T15:53:27Z,API
290,938.16,QUVI0O,NGN,Sample transaction,2022-02-21T13:25:17Z,API
291,94.49,X34ZA3,NGN,Sample transaction,2022-09-06T13:17:14Z,API
292,116.57,XOE50Y,NGN,Sample transaction,2022-12-09T21:11:54Z,API
293,145.26,V9U51X,USD,Sample transaction,2022-02-10T04:03:52Z,API
294,493.79,OJNHU6,NGN,Sample transaction,2022-06-04T18:22:15Z,API
295,254.08,H4OXCU,NGN,Sample transaction,2022-10-11T13:42:56Z,API
296,969.6,M1FIV9,USD,Sample transaction,2021-07-29T15:29:39Z,API
297,31.65,X7N6TC,NGN,Sample transaction,2022-06-18T00:14:07Z,API
298,221.33,0PRWJX,NGN,Sample transaction,2021-09-12T11:20:38Z,API
299,846.9,HLF8FS,USD,Sample transaction,2021-06-27T02:21:06Z,API
300,891.52,XDI232,EUR,Sample transaction,2022-07-16T04:02:35Z,API
301,421.28,XUJ3IX,GBP,Sample transaction,2022-02-20T05:34:17Z,API
302,221.34,K6F4K3,NGN,Sample transaction,2021-10-04T22:46:33Z,API
303,259.16,H46HM6,GBP,Sample transaction,2022-11-28T18:45:34Z,API
304,596.44,9836J5,NGN,Sample transaction,2022-07-21T01:05:36Z,API
305,398.72,IK2ATL,GBP,Sample transaction,2022-11-28T13:46:42Z,API
306,983.41,JKSENL,EUR,Sample transaction,2021-06-25T05:31:12Z,API
307,966.47,2VC2NT,EUR,Sample transaction,2022-05-17T01:28:42Z,API
308,204.07,15CUAR,USD,Sample transaction,2021-10-27T06:37:12Z,API
309,360.81,NGDHFB,EUR,Sample transaction,2021-05-07T20:50:43Z,API
310,879.12,AOR3WQ,USD,Sample transaction,2022-09-21T02:09:14Z,API
311,58.73,LY7AIB,GBP,Sample transaction,2022-10-07T00:48:59Z,API
312,44.9,2DV3PH,NGN,Sample transaction,2021-07-17T20:18:27Z,API
313,621.36,260RF6,USD,Sample transaction,2022-10-21T17:19:30Z,API
314,982.86,O3LPUO,USD,Sample transaction,2022-04-29T03:49:22Z,API
315,653.67,12VMME,USD,Sample transaction,2021-02-08T07:19:12Z,API
316,551.06,IHD35K,NGN,Sample transaction,2021-04-25T23:08:07Z,API
317,562.78,KNBKIW,USD,Sample transaction,2021-05-12T10:04:06Z,API
318,743.51,9N07K9,GBP,Sample transaction,2021-11-03T10:50:40Z,API
319,455.82,CNM762,EUR,Sample transaction,2022-10-19T02:52:27Z,API
320,550.54,G9TN6S,EUR,Sample transaction,2021-09-12T21:14:47Z,API
321,198.56,AX8RPI,NGN,Sample transaction,2021-10-23T03:45:12Z,API
322,987.5,IXZRIX,GBP,Sample transaction,2022-04-19T15:07:30Z,API
323,734.03,UMYXRL,GBP,Sample transaction,2022-08-04T16:37:25Z,API
324,910.13,A97X7C,NGN,Sample transaction,2021-03-22T18:53:02Z,API
325,468.78,NBW1C0,EUR,Sample transaction,2021-01-23T01:36:22Z,API
326,969.97,5WITRH,GBP,Sample transaction,2021-07-15T03:56:31Z,API
327,159.83,W7K2EH,NGN,Sample transaction,2022-11-28T11:00:04Z,API
328,146.82,26MJ7H,GBP,Sample transaction,2022-08-15T05:58:17Z,API
329,762.78,PNFA23,NGN,Sample transaction,2022-09-22T16:21:51Z,API
330,39.13,FHWJAG,USD,Sample transaction,2021-11-19T04:23:21Z,API
331,527.55,7S96FA,USD,Sample transaction,2021-07-10T12:14:32Z,API
332,451.49,WQ7FUW,GBP,Sample transaction,2022-02-24T08:18:23Z,API
333,247.28,CHG1GY,EUR,Sample transaction,2022-08-23T23:33:02Z,API
334,513.74,L57XBV,USD,Sample transaction,2021-08-22T21:00:17Z,API
335,918.44,4MFRL6,USD,Sample transaction,2021-10-01T12:43:41Z,API
336,326.01,Z5YVXN,EUR,Sample transaction,2022-03-13T03:06:23Z,API
337,943.84,LSP3NF,USD,Sample transaction,2022-04-19T10:31:18Z,API
338,365.66,ZZBSVN,GBP,Sample transaction,2022-11-07T17:40:42Z,API
339,474.03,X7MPEZ,USD,Sample transaction,2022-05-25T14:37:18Z,API
340,893.95,LKM353,NGN,Sample transaction,2022-03-16T00:58:28Z,API
341,137.49,IDOJPE,NGN,Sample transaction,2022-05-25T08:52:41Z,API
342,140.51,3A9VAD,GBP,Sample transaction,2022-02-24T21:37:09Z,API
343,480.4,IYLQDW,USD,Sample transaction,2021-04-25T05:56:24Z,API
344,861.28,FJ5WHZ,NGN,Sample transaction,2022-09-13T06:23:41Z,API
345,491.21,0H0ZWZ,GBP,Sample transaction,2022-02-06T01:59:15Z,API
346,822.96,2DVBTI,GBP,Sample transaction,2021-06-27T09:35:15Z,API
347,914.44,BI2WEE,GBP,Sample transaction,2022-04-10T00:12:57Z,API
348,980.81,6AUOKW,NGN,Sample transaction,2021-06-07T01:12:50Z,API
349,997.78,7836AY,EUR,Sample transaction,2021-06-09T13:53:13Z,API
350,714.03,VPGBL8,EUR,Sample transaction,2021-01-03T02:43:53Z,API
351,647.31,ZFAGYI,GBP,Sample transaction,2021-06-28T06:05:31Z,API
352,564.48,G4PBW4,USD,Sample transaction,2022-08-30T06:21:38Z,API
353,506.57,UGQ6L5,EUR,Sample transaction,2022-07-19T05:11:28Z,API
354,118.17,V26R3Z,EUR,Sample transaction,2021-08-31T16:27:01Z,API
355,103.71,CX726B,GBP,Sample transaction,2022-07-03T12:32:09Z,API
356,258.79,SD4W3E,USD,Sample transaction,2022-04-28T09:25:32Z,API
357,26.89,52NZWV,NGN,Sample transaction,2021-04-09T01:18:35Z,API
358,718.4,FX9M2T,EUR,Sample transaction,2022-02-24T17:42:24Z,API
359,894.94,91VBUQ,GBP,Sample transaction,2021-07-18T23:45:15Z,API
360,724.15,KHIZBU,NGN,Sample transaction,2021-09-30T14:42:02Z,API
361,169.48,MF6WLV,EUR,Sample transaction,2022-09-18T05:01:39Z,API
362,960.72,5DTV7Z,EUR,Sample transaction,2021-08-18T23:53:54Z,API
363,11.88,T2D9HC,EUR,Sample transaction,2021-09-27T12:54:01Z,API
364,114.02,21OAG5,NGN,Sample transaction,2022-11-10T02:32:44Z,API
365,188.06,MJHJP8,EUR,Sample transaction,2021-05-23T01:12:08Z,API
366,845.12,P1UI4W,NGN,Sample transaction,2021-06-30T22:48:10Z,API
367,541.6,WOL0RE,GBP,Sample transaction,2022-10-05T19:41:02Z,API
368,396.57,JH7TV7,EUR,Sample transaction,2021-05-28T20:08:51Z,API
369,789.22,D3W515,USD,Sample transaction,2022-07-09T22:44:06Z,API
370,350.65,IS75YS,USD,Sample transaction,2022-11-17T15:36:38Z,API
371,563.27,X95SMQ,GBP,Sample transaction,2021-10-23T17:46:05Z,API
372,505.48,CIPWN1,NGN,Sample transaction,2022-01-10T09:51:41Z,API
373,946.93,BC7DJG,EUR,Sample transaction,2022-04-03T05:28:06Z,API
374,354.04,WUGVDT,USD,Sample transaction,2022-10-07T05:12:47Z,API
375,929.39,TNEJQU,EUR,Sample transaction,2022-12-16T15:09:35Z,API
376,208.0,3FITD0,NGN,Sample transaction,2022-06-09T20:58:25Z,API
377,735.99,Y2S584,EUR,Sample transaction,2022-03-11T22:56:18Z,API
378,742.44,PSVJBX,GBP,Sample transaction,2022-07-01T20:49:15Z,API
379,724.58,1HG7Z0,EUR,Sample transaction,2022-11-21T03:13:05Z,API
380,221.54,I5A1CS,NGN,Sample transaction,2022-06-20T04:23:17Z,API
381,251.46,J7BFOY,NGN,Sample transaction,2021-08-10T12:39:40Z,API
382,36.22,68UNEZ,NGN,Sample transaction,2021-10-01T18:06:02Z,API
383,501.04,GIR77G,GBP,Sample transaction,2022-02-24T22:23:24Z,API
384,217.33,MWUA8W,NGN,Sample transaction,2022-10-18T22:50:25Z,API
385,345.37,G383WB,EUR,Sample transaction,2022-10-23T09:52:23Z,API
386,145.71,TJVYR9,EUR,Sample transaction,2021-07-01T01:06:44Z,API
387,904.72,4NRAV0,USD,Sample transaction,2022-05-12T01:08:02Z,API
388,943.33,XJIIIQ,NGN,Sample transaction,2021-11-23T11:51:26Z,API
389,853.76,PTMCDE,NGN,Sample transaction,2022-03-21T16:07:41Z,API
390,789.73,4SI7T9,USD,Sample transaction,2021-03-07T05:25:24Z,API
391,293.81,DC27IZ,NGN,Sample transaction,2022-06-09T02:03:53Z,API
392,862.17,T3GSGU,USD,Sample transaction,2021-08-29T01:16:28Z,API
393,987.08,HT0QUA,GBP,Sample transaction,2021-07-26T14:43:18Z,API
394,640.88,PM6EZR,NGN,Sample transaction,2022-11-08T06:23:16Z,API
395,648.88,DDXD0Y,EUR,Sample transaction,2021-05-07T19:21:14Z,API
396,472.35,TYX7GF,NGN,Sample transaction,2021-10-01T03:03:25Z,API
397,789.17,M1EHOM,GBP,Sample transaction,2021-11-23T07:21:49Z,API
398,156.13,IGWPNB,EUR,Sample transaction,2022-03-17T14:42:51Z,API
399,856.28,KJVJQY,EUR,Sample transaction,2022-01-30T02:48:19Z,API
400,106.54,R9PUVW,GBP,Sample transaction,2021-10-02T12:15:32Z,API
401,128.51,WVQYKH,USD,Sample transaction,2021-09-21T12:24:48Z,API
402,168.13,OPYFDC,GBP,Sample transaction,2022-03-17T12:19:21Z,API
403,208.48,5GHCC5,USD,Sample transaction,2022-08-04T00:08:19Z,API
404,598.58,UFDM68,NGN,Sample transaction,2021-07-27T05:13:24Z,API
405,727.48,LT07OP,NGN,Sample transaction,2021-12-19T10:39:57Z,API
406,998.43,WBPXMJ,GBP,Sample transaction,2022-01-13T07:21:54Z,API
407,791.89,AZ89RT,NGN,Sample transaction,2022-01-09T22:53:58Z,API
408,463.87,6UYANN,USD,Sample transaction,2022-12-26T13:34:57Z,API
409,128.21,QIFA63,NGN,Sample transaction,2022-03-29T15:04:39Z,API
410,369.94,35UD36,NGN,Sample transaction,2022-02-18T12:27:15Z,API
411,58.11,TDVBXT,USD,Sample transaction,2022-12-01T09:26:58Z,API
412,25.79,1Z5SCJ,GBP,Sample transaction,2021-08-29T19:34:03Z,API
413,185.51,HBUP38,USD,Sample transaction,2021-01-19T21:15:24Z,API
414,361.86,TVA7M4,NGN,Sample transaction,2022-03-06T20:04:37Z,API
415,981.7,LUQXUA,GBP,Sample transaction,2022-04-11T11:28:52Z,API
416,345.46,UV66W1,USD,Sample transaction,2022-12-09T16:10:02Z,API
417,535.94,F025GV,NGN,Sample transaction,2022-04-27T06:21:10Z,API
418,422.46,0MND62,NGN,Sample transaction,2021-01-19T00:04:58Z,API
419,313.08,EXTHJ3,USD,Sample transaction,2021-04-30T18:06:18Z,API
420,713.76,ADKAWP,NGN,Sample transaction,2021-01-03T08:55:30Z,API
421,820.32,QES7KD,NGN,Sample transaction,2021-06-03T10:02:39Z,API
422,917.17,Q4Q4TT,NGN,Sample transaction,2022-01-31T05:42:15Z,API
423,147.02,NGCNO4,NGN,Sample transaction,2021-10-13T23:10:31Z,API
424,139.1,2V0FS2,USD,Sample transaction,2021-11-05T03:57:36Z,API
425,276.97,0PYYQL,EUR,Sample transaction,2022-02-14T22:26:10Z,API
426,344.61,WVGPW7,EUR,Sample transaction,2022-05-11T04:08:54Z,API
427,904.6,5VWNT2,EUR,Sample transaction,2021-10-06T08:01:19Z,API
428,662.18,HHEC2L,EUR,Sample transaction,2021-12-18T21:26:52Z,API
429,252.23,N5D3HO,NGN,Sample transaction,2022-03-19T13:27:07Z,API
430,265.64,UK4UOK,EUR,Sample transaction,2021-12-27T06:43:43Z,API
431,214.97,QO9X5Z,NGN,Sample transaction,2021-02-21T09:22:02Z,API
432,682.75,T4LEQ4,USD,Sample transaction,2021-07-18T11:48:05Z,API
433,900.32,9V22A6,USD,Sample transaction,2022-07-16T00:33:44Z,API
434,927.76,CVNN61,USD,Sample transaction,2021-01-19T04:54:04Z,API
435,212.84,7EX8XK,GBP,Sample transaction,2021-06-26T23:43:49Z,API
436,257.59,XFHQXU,EUR,Sample transaction,2021-01-11T05:17:12Z,API
437,990.54,R1FF8A,EUR,Sample transaction,2022-02-08T14:59:55Z,API
438,556.47,IYXCZW,GBP,Sample transaction,2021-01-14T14:59:11Z,API
439,273.53,SDWGRH,GBP,Sample transaction,2021-05-31T00:12:43Z,API
440,943.38,A8H1YD,USD,Sample transaction,2021-01-16T19:45:46Z,API
441,389.46,NSXV3J,GBP,Sample transaction,2022-03-13T04:33:32Z,API
442,79.63,LCZ8AQ,GBP,Sample transaction,2022-01-01T02:31:53Z,API
443,723.67,OAYM5C,NGN,Sample transaction,2022-05-05T21:48:28Z,API
444,544.15,JE53C2,GBP,Sample transaction,2022-07-18T18:52:26Z,API
445,148.16,FN91QS,EUR,Sample transaction,2022-03-06T20:49:34Z,API
446,466.51,0OH5HC,NGN,Sample transaction,2022-10-11T04:39:18Z,API
447,516.92,WI0OXF,EUR,Sample transaction,2021-02-27T18:10:57Z,API
448,763.34,ZE3SFL,USD,Sample transaction,2021-09-20T14:11:12Z,API
449,378.18,G1U13D,EUR,Sample transaction,2022-09-29T16:01:44Z,API
450,539.47,5H7WC3,EUR,Sample transaction,2022-08-18T04:11:31Z,API
451,511.28,5BPJJ2,USD,Sample transaction,2022-05-12T02:13:59Z,API
452,769.28,7NBNBM,USD,Sample transaction,2022-08-12T06:14:37Z,API
453,424.79,RKZPZL,USD,Sample transaction,2021-05-23T18:47:38Z,API
454,994.04,UKF7EW,NGN,Sample transaction,2021-06-09T23:48:20Z,API
455,827.98,8V21YN,NGN,Sample transaction,2021-09-11T01:24:00Z,API
456,764.57,36F3XA,NGN,Sample transaction,2021-09-16T10:18:24Z,API
457,377.27,VVQRS6,USD,Sample transaction,2022-02-06T16:37:19Z,API
458,90.18,OWFU8W,EUR,Sample transaction,2021-01-03T22:58:09Z,API
459,673.78,374W9S,NGN,Sample transaction,2022-11-07T17:31:36Z,API
460,185.49,HH4YB6,NGN,Sample transaction,2021-09-30T22:56:09Z,API
461,594.61,OC6ZFI,GBP,Sample transaction,2022-09-21T07:31:40Z,API
462,336.58,37TU98,EUR,Sample transaction,2022-12-27T00:27:33Z,API
463,352.45,WGVZ3K,NGN,Sample transaction,2022-02-26T13:29:02Z,API
464,562.03,P9HVZN,GBP,Sample transaction,2021-01-04T14:58:22Z,API
465,369.29,A2X06C,NGN,Sample transaction,2022-08-13T17:21:54Z,API
466,125.99,XQ9P6B,EUR,Sample transaction,2022-10-04T16:53:21Z,API
467,581.73,7P5D8O,EUR,Sample transaction,2021-02-11T06:45:56Z,API
468,323.87,STUX8Y,GBP,Sample transaction,2021-03-18T05:47:15Z,API
469,547.44,EG3LJF,NGN,Sample transaction,2021-05-19T03:03:48Z,API
470,111.84,2M5NPW,NGN,Sample transaction,2021-02-09T04:15:04Z,API
471,892.0,ABRALL,USD,Sample transaction,2022-10-10T21:40:10Z,API
472,661.87,CH1LN1,USD,Sample transaction,2021-06-23T17:35:43Z,API
473,614.41,N3FALZ,EUR,Sample transaction,2022-09-18T00:54:47Z,API
474,501.81,MSLCUW,NGN,Sample transaction,2022-09-29T17:20:53Z,API
475,753.03,GPO6L7,EUR,Sample transaction,2021-09-30T19:23:00Z,API
476,573.83,NXOH3O,USD,Sample transaction,2021-07-13T14:18:42Z,API
477,851.8,ZW5H3E,NGN,Sample transaction,2021-07-26T22:55:44Z,API
478,999.29,G2FASC,EUR,Sample transaction,2021-10-18T18:16:03Z,API
479,931.35,RC43YL,GBP,Sample transaction,2021-03-25T10:06:34Z,API
480,741.21,AAOLDG,NGN,Sample transaction,2021-03-12T20:43:47Z,API
481,933.83,QZZKEE,USD,Sample transaction,2022-02-28T15:49:57Z,API
482,808.74,KINDVQ,GBP,Sample transaction,2021-02-28T03:54:38Z,API
483,400.45,CXIO1U,GBP,Sample transaction,2021-07-01T08:12:41Z,API
484,398.05,A7I0V3,NGN,Sample transaction,2022-04-13T20:29:18Z,API
485,748.31,MOUNKN,USD,Sample transaction,2022-02-27T16:53:08Z,API
486,855.55,A6E8HH,GBP,Sample transaction,2021-03-20T04:58:09Z,API
487,282.62,UNX1ED,EUR,Sample transaction,2021-09-29T16:56:14Z,API
488,537.52,HEB0QM,EUR,Sample transaction,2022-10-16T18:17:05Z,API
489,929.57,UDO8DM,GBP,Sample transaction,2022-07-10T16:09:55Z,API
490,748.48,LRB2V8,NGN,Sample transaction,2022-02-28T22:36:44Z,API
491,510.65,3FJBMR,NGN,Sample transaction,2021-05-31T17:43:34Z,API
492,983.12,VOA56L,NGN,Sample transaction,2022-01-10T18:47:53Z,API
493,914.83,8X7891,USD,Sample transaction,2021-11-01T20:44:28Z,API
494,255.01,7XZ7N4,NGN,Sample transaction,2021-05-02T23:13:02Z,API
495,296.54,34P1DO,USD,Sample transaction,2021-08-26T21:35:22Z,API
496,313.84,6CEBKK,EUR,Sample transaction,2021-09-28T04:03:26Z,API
497,91.96,3O704S,USD,Sample transaction,2022-09-17T21:42:22Z,API
498,876.38,9TUZKK,GBP,Sample transaction,2022-08-23T01:08:50Z,API
499,369.29,T2KMBE,NGN,Sample transaction,2021-12-06T16:52:25Z,API
500,870.37,N84U1Q,USD,Sample transaction,2022-06-29T23:49:52Z,API
501,321.13,VNZAGK,GBP,Sample transaction,2022-04-24T23:06:55Z,API
502,718.32,EF9IOF,USD,Sample transaction,2022-10-16T02:37:18Z,API
503,197.49,MTDW68,GBP,Sample transaction,2021-12-03T07:31:12Z,API
504,139.76,YYFX4B,NGN,Sample transaction,2021-08-13T06:55:51Z,API
505,830.43,FSKH3Y,NGN,Sample transaction,2021-06-18T15:16:26Z,API
506,222.62,YI3D18,EUR,Sample transaction,2022-02-10T17:04:12Z,API
507,881.38,M79MYD,EUR,Sample transaction,2021-03-13T09:16:53Z,API
508,84.45,93LA20,EUR,Sample transaction,2021-11-19T14:36:38Z,API
509,206.37,W7IR62,USD,Sample transaction,2022-02-08T23:00:56Z,API
510,556.43,JBUE97,GBP,Sample transaction,2021-12-07T05:35:16Z,API
511,386.31,FG88ZL,NGN,Sample transaction,2021-06-29T09:05:47Z,API
512,163.85,7PS53B,NGN,Sample transaction,2022-06-13T09:41:36Z,API
513,229.99,PR7LKP,NGN,Sample transaction,2021-10-21T23:16:10Z,API
514,890.5,T8M6P6,EUR,Sample transaction,2021-04-08T03:37:02Z,API
515,769.22,SKLJK8,GBP,Sample transaction,2022-02-10T12:15:17Z,API
516,671.65,NFSOUJ,GBP,Sample transaction,2021-05-06T01:11:50Z,API
517,519.66,J1BYMI,USD,Sample transaction,2021-09-29T23:06:58Z,API
518,574.59,3130D6,GBP,Sample transaction,2021-05-16T03:23:07Z,API
519,381.35,FJ33H4,EUR,Sample transaction,2022-12-10T18:09:53Z,API
520,483.56,0BTPJD,USD,Sample transaction,2022-12-25T03:10:23Z,API
521,233.95,HXFGV2,GBP,Sample transaction,2021-04-20T22:50:36Z,API
522,678.97,SF46SW,GBP,Sample transaction,2022-05-19T13:27:36Z,API
523,73.7,SJL0HN,USD,Sample transaction,2021-09-24T05:14:53Z,API
524,821.56,65B9IP,USD,Sample transaction,2021-08-05T10:26:17Z,API
525,444.34,9CDM2E,EUR,Sample transaction,2022-10-16T04:25:56Z,API
526,624.24,G2V9SS,EUR,Sample transaction,2022-12-03T07:40:40Z,API
527,381.77,WWVMSC,EUR,Sample transaction,2022-06-26T23:30:04Z,API
528,39.29,JL8O1A,EUR,Sample transaction,2021-01-18T11:19:16Z,API
529,331.73,0SU4Q1,USD,Sample transaction,2021-07-18T10:54:55Z,API
530,557.0,AYVMCN,USD,Sample transaction,2021-11-26T08:37:49Z,API
531,972.79,WPDAVZ,USD,Sample transaction,2022-07-30T04:44:20Z,API
532,540.68,LFPV4K,GBP,Sample transaction,2022-01-17T05:38:13Z,API
533,296.68,Q98YJH,GBP,Sample transaction,2021-09-08T19:49:58Z,API
534,442.8,3574CJ,USD,Sample transaction,2022-07-14T20:32:48Z,API
535,248.58,M0MOS8,EUR,Sample transaction,2021-03-21T16:35:08Z,API
536,741.5,U7R6UT,USD,Sample transaction,2021-10-24T06:24:57Z,API
537,667.31,3SAHAX,NGN,Sample transaction,2022-06-28T07:08:08Z,API
538,118.49,8UJD2W,NGN,Sample transaction,2021-06-07T22:47:28Z,API
539,338.86,6GK64U,USD,Sample transaction,2021-09-14T00:39:11Z,API
540,331.56,BZYK5V,USD,Sample transaction,2022-03-07T00:53:10Z,API
541,960.61,D414KN,EUR,Sample transaction,2022-05-16T05:11:31Z,API
542,680.93,TFWXII,NGN,Sample transaction,2021-09-02T03:09:49Z,API
543,337.0,3PNYLT,GBP,Sample transaction,2022-12-27T06:44:06Z,API
544,784.14,BSTBSP,USD,Sample transaction,2021-11-21T03:39:58Z,API
545,645.77,MYZC55,NGN,Sample transaction,2022-05-04T08:36:25Z,API
546,420.5,7YHXMC,USD,Sample transaction,2022-09-27T03:02:02Z,API
547,731.85,E8NQ57,GBP,Sample transaction,2021-01-03T21:41:02Z,API
548,725.63,EAW7KD,GBP,Sample transaction,2021-01-29T09:03:07Z,API
549,160.8,AXU43G,NGN,Sample transaction,2021-01-17T06:41:11Z,API
550,40.94,JGD612,NGN,Sample transaction,2022-03-21T19:27:45Z,API
551,752.4,F1IXCS,USD,Sample transaction,2021-01-29T08:55:00Z,API
552,878.96,812FQN,NGN,Sample transaction,2021-02-19T10:26:25Z,API
553,848.96,2WNVDE,USD,Sample transaction,2022-11-07T07:12:52Z,API
554,998.23,WTXU6U,USD,Sample transaction,2021-12-24T06:39:24Z,API
555,650.94,OAKS1N,NGN,Sample transaction,2021-12-14T07:28:06Z,API
556,737.82,0B0I1K,EUR,Sample transaction,2021-02-26T12:24:19Z,API
557,460.64,UL616D,GBP,Sample transaction,2022-01-20T11:54:24Z,API
558,616.28,3CZOAV,GBP,Sample transaction,2022-08-26T01:45:12Z,API
559,609.07,XU65MM,USD,Sample transaction,2021-12-05T19:44:05Z,API
560,834.63,S49UY5,USD,Sample transaction,2021-05-17T00:57:22Z,API
561,575.99,K0KDZO,NGN,Sample transaction,2022-09-26T03:01:39Z,API
562,757.32,PY1R29,EUR,Sample transaction,2021-11-27T19:03:44Z,API
563,378.26,ROTWMS,USD,Sample transaction,2022-04-04T21:30:44Z,API
564,803.6,LJJOBK,GBP,Sample transaction,2022-10-04T22:58:02Z,API
565,112.66,N3S9JP,USD,Sample transaction,2021-01-15T13:59:36Z,API
566,383.67,E10UWX,NGN,Sample transaction,2022-12-10T10:21:16Z,API
567,271.06,2DX3K8,GBP,Sample transaction,2022-10-31T08:59:26Z,API
568,730.86,5UO28H,NGN,Sample transaction,2022-09-20T13:39:34Z,API
569,390.37,NPY3D8,EUR,Sample transaction,2021-10-18T11:04:12Z,API
570,939.7,ZDJ8GZ,NGN,Sample transaction,2021-03-26T20:11:58Z,API
571,254.52,VXY05N,USD,Sample transaction,2021-11-25T19:07:16Z,API
572,375.96,S4RB0J,GBP,Sample transaction,2022-06-07T12:31:32Z,API
573,243.22,4UWF97,USD,Sample transaction,2022-10-05T19:31:11Z,API
574,283.92,7HKTBP,NGN,Sample transaction,2021-04-27T00:58:09Z,API
575,740.3,NTMRFP,EUR,Sample transaction,2021-07-24T10:04:16Z,API
576,215.86,8NV5T1,USD,Sample transaction,2021-09-05T15:19:38Z,API
577,875.78,P2IM2V,USD,Sample transaction,2021-04-16T04:11:20Z,API
578,159.31,A22Z9Y,EUR,Sample transaction,2021-11-26T11:06:15Z,API
579,203.2,CYLM43,EUR,Sample transaction,2021-09-12T19:14:09Z,API
580,39.48,H2NNMH,GBP,Sample transaction,2022-09-21T19:43:35Z,API
581,712.23,Y9D9CQ,EUR,Sample transaction,2021-06-27T03:24:06Z,API
582,418.68,8VPU1T,USD,Sample transaction,2022-02-08T19:54:46Z,API
583,751.57,T6Y99J,EUR,Sample transaction,2021-06-05T00:34:18Z,API
584,331.21,OK22RA,USD,Sample transaction,2022-12-15T13:48:28Z,API
585,401.14,T21VIQ,GBP,Sample transaction,2021-10-21T03:19:35Z,API
586,624.47,3FADH5,NGN,Sample transaction,2021-12-23T04:03:28Z,API
587,777.54,KKR9NW,NGN,Sample transaction,2022-11-11T23:14:50Z,API
588,511.67,TNQ39S,USD,Sample transaction,2022-08-18T04:09:03Z,API
589,786.43,TZX52H,NGN,Sample transaction,2021-05-21T06:14:31Z,API
590,186.56,JR16IE,USD,Sample transaction,2022-09-19T23:15:42Z,API
591,846.99,ZX83D6,GBP,Sample transaction,2021-12-15T08:19:49Z,API
592,890.1,BQ5UJS,GBP,Sample transaction,2022-11-09T20:20:06Z,API
593,374.75,2QD7V9,NGN,Sample transaction,2021-08-06T20:52:04Z,API
594,404.03,IGV9UD,NGN,Sample transaction,2022-02-08T21:37:06Z,API
595,645.53,JFDBHB,GBP,Sample transaction,2021-06-13T07:51:40Z,API
596,717.35,K7WTOW,NGN,Sample transaction,2021-09-21T23:53:15Z,API
597,453.02,130JO8,EUR,Sample transaction,2021-06-18T06:07:12Z,API
598,332.79,MAFCBJ,USD,Sample transaction,2022-10-15T17:33:03Z,API
599,569.88,2GQBOO,NGN,Sample transaction,2022-06-04T20:57:10Z,API
600,358.21,B0HKZ1,USD,Sample transaction,2021-01-27T16:56:34Z,API
601,443.03,ER2C9X,GBP,Sample transaction,2022-03-10T19:21:23Z,API
602,487.93,VJ208N,GBP,Sample transaction,2022-10-28T06:29:44Z,API
603,387.14,JBZDIN,EUR,Sample transaction,2021-09-08T05:15:34Z,API
604,356.22,OBR7CA,EUR,Sample transaction,2021-02-27T17:26:04Z,API
605,266.86,U92FQY,USD,Sample transaction,2022-11-04T21:10:29Z,API
606,350.58,C40BAL,GBP,Sample transaction,2022-01-15T02:47:33Z,API
607,962.54,WWI007,USD,Sample transaction,2021-11-14T15:25:55Z,API
608,912.53,9K3BDA,USD,Sample transaction,2022-03-14T17:13:37Z,API
609,902.21,YK9QHH,NGN,Sample transaction,2021-08-05T16:34:51Z,API
610,388.32,T9K5GO,EUR,Sample transaction,2021-07-11T07:49:29Z,API
611,245.13,3PWK6F,EUR,Sample transaction,2022-03-11T18:41:56Z,API
612,825.68,N24FJO,GBP,Sample transaction,2022-11-23T05:44:16Z,API
613,497.26,9BIML7,GBP,Sample transaction,2021-08-31T01:46:15Z,API
614,271.83,EZT2TU,NGN,Sample transaction,2022-01-23T06:41:42Z,API
615,449.86,83PW1J,EUR,Sample transaction,2022-12-18T01:14:20Z,API
616,906.51,H1E4GY,NGN,Sample transaction,2022-03-23T10:57:05Z,API
617,182.62,2E4B37,EUR,Sample transaction,2022-08-26T18:47:07Z,API
618,679.74,VCNHJF,EUR,Sample transaction,2021-02-16T07:32:33Z,API
619,671.77,O0QZKH,NGN,Sample transaction,2022-12-29T10:18:57Z,API
620,584.32,OP4O4O,USD,Sample transaction,2021-01-29T20:08:40Z,API
621,694.37,7ZG28K,NGN,Sample transaction,2021-07-28T10:28:29Z,API
622,210.19,00CMXN,GBP,Sample transaction,2022-12-29T10:06:10Z,API
623,788.37,U9K1SC,GBP,Sample transaction,2021-10-24T22:21:57Z,API
624,636.4,TUYLVU,NGN,Sample transaction,2022-11-18T16:13:55Z,API
625,861.57,P7ZE8P,GBP,Sample transaction,2021-09-28T22:36:49Z,API
626,543.9,FEVIZE,NGN,Sample transaction,2022-06-14T00:07:11Z,API
627,453.73,FOZ7MM,GBP,Sample transaction,2021-05-04T23:00:18Z,API
628,48.07,3LGMEB,NGN,Sample transaction,2022-02-13T07:50:12Z,API
629,846.67,43SSO4,EUR,Sample transaction,2021-07-07T21:50:48Z,API
630,522.3,WCHPBU,EUR,Sample transaction,2021-11-19T01:20:17Z,API
631,770.71,Y285DO,EUR,Sample transaction,2021-04-11T16:47:25Z,API
632,611.27,R7TPOE,EUR,Sample transaction,2021-01-05T06:43:55Z,API
633,581.44,UP5LHU,USD,Sample transaction,2021-10-12T20:28:12Z,API
634,251.91,4R6G9Q,EUR,Sample transaction,2021-11-23T07:18:19Z,API
635,20.21,PN63VO,GBP,Sample transaction,2021-02-25T16:38:06Z,API
636,743.27,9X7491,EUR,Sample transaction,2022-10-25T21:44:46Z,API
637,800.65,TQH8U9,USD,Sample transaction,2022-09-01T05:14:10Z,API
638,850.94,KGK4Y9,EUR,Sample transaction,2021-04-25T06:05:57Z,API
639,21.05,81AAIY,USD,Sample transaction,2022-02-15T08:33:16Z,API
640,158.56,F6GFFX,EUR,Sample transaction,2022-05-02T22:36:43Z,API
641,213.56,HK4UJ2,USD,Sample transaction,2022-01-07T22:23:37Z,API
642,84.08,ZX3X27,EUR,Sample transaction,2021-04-26T21:28:07Z,API
643,60.85,Y82A87,EUR,Sample transaction,2021-12-22T06:32:33Z,API
644,65.11,YNA4FV,NGN,Sample transaction,2022-07-01T00:44:11Z,API
645,983.34,ZAOZ0D,EUR,Sample transaction,2022-03-17T21:42:00Z,API
646,868.38,QVYVXL,NGN,Sample transaction,2021-01-04T23:10:12Z,API
647,292.97,SP67K9,EUR,Sample transaction,2022-01-20T15:57:03Z,API
648,34.09,HX14DW,EUR,Sample transaction,2021-04-19T22:09:47Z,API
649,691.1,9L3SNI,GBP,Sample transaction,2021-09-20T07:59:16Z,API
650,812.26,OGVPY5,GBP,Sample transaction,2021-07-12T11:57:56Z,API
651,705.2,37NYHA,NGN,Sample transaction,2022-04-03T21:12:44Z,API
652,524.57,Z4BA94,EUR,Sample transaction,2022-07-09T23:52:17Z,API
653,210.34,GWB4OC,USD,Sample transaction,2022-10-14T02:51:45Z,API
654,103.58,M5DJZD,GBP,Sample transaction,2021-11-20T23:52:41Z,API
655,260.07,KUPE7M,USD,Sample transaction,2022-05-24T11:29:25Z,API
656,999.72,379FNG,GBP,Sample transaction,2021-08-29T12:04:36Z,API
657,73.78,D3YY2H,EUR,Sample transaction,2021-12-03T15:28:05Z,API
658,823.05,BR6KIP,NGN,Sample transaction,2021-03-15T06:13:42Z,API
659,373.73,GUNXHG,GBP,Sample transaction,2022-02-12T07:51:00Z,API
660,202.91,48E218,NGN,Sample transaction,2021-11-06T00:02:14Z,API
661,940.31,03782M,USD,Sample transaction,2022-08-02T15:56:03Z,API
662,295.33,83DH66,EUR,Sample transaction,2021-09-13T04:12:22Z,API
663,365.28,75URMU,USD,Sample transaction,2022-01-28T09:51:56Z,API
664,801.98,KSTYUE,USD,Sample transaction,2022-09-14T07:13:01Z,API
665,307.12,SVO8MO,EUR,Sample transaction,2022-12-02T09:48:09Z,API
666,997.17,BCJY5J,EUR,Sample transaction,2021-04-08T03:16:36Z,API
667,494.97,2FFYMM,NGN,Sample transaction,2022-04-24T08:50:58Z,API
668,851.53,V0EEWY,EUR,Sample transaction,2021-12-08T19:52:44Z,API
669,596.43,PVAKIZ,EUR,Sample transaction,2021-03-13T04:09:03Z,API
670,242.38,P2TIU4,NGN,Sample transaction,2022-08-21T14:57:29Z,API
671,812.0,PAZ6C6,USD,Sample transaction,2021-03-21T01:12:02Z,API
672,955.09,EAR1KT,NGN,Sample transaction,2022-12-27T08:50:31Z,API
673,472.67,179H49,EUR,Sample transaction,2021-11-02T20:57:29Z,API
674,664.61,SMR78A,GBP,Sample transaction,2022-01-20T21:24:39Z,API
675,299.08,XWVIFN,EUR,Sample transaction,2022-08-24T04:55:03Z,API
676,889.09,O8JNM8,GBP,Sample transaction,2022-09-27T01:11:40Z,API
677,678.88,6VRPSO,EUR,Sample transaction,2021-11-07T04:31:35Z,API
678,626.65,Y0PTWE,GBP,Sample transaction,2021-08-20T15:29:43Z,API
679,713.7,WPBS3D,NGN,Sample transaction,2022-11-20T17:34:51Z,API
680,532.03,5RYW6K,NGN,Sample transaction,2022-12-29T06:40:59Z,API
681,37.4,T1R1JU,NGN,Sample transaction,2021-09-16T06:53:29Z,API
682,705.95,RQRT8M,GBP,Sample transaction,2021-02-22T06:24:20Z,API
683,331.12,IUKP4S,GBP,Sample transaction,2021-05-11T21:51:14Z,API
684,656.79,X194KF,EUR,Sample transaction,2021-09-23T07:39:31Z,API
685,277.34,JYMPTV,GBP,Sample transaction,2021-02-07T05:18:21Z,API
686,504.39,9359CC,EUR,Sample transaction,2021-11-16T01:35:22Z,API
687,311.59,RR2UGV,GBP,Sample transaction,2021-12-27T09:21:04Z,API
688,60.77,8VPS86,NGN,Sample transaction,2022-04-09T15:45:05Z,API
689,819.6,I1PSLG,USD,Sample transaction,2022-01-10T04:43:48Z,API
690,103.17,266L1L,GBP,Sample transaction,2022-09-19T00:29:48Z,API
691,775.76,QGASLJ,USD,Sample transaction,2021-07-16T02:05:15Z,API
692,713.93,LRN5MW,EUR,Sample transaction,2022-09-18T21:03:37Z,API
693,621.37,PLTBRG,GBP,Sample transaction,2022-10-07T10:06:38Z,API
694,913.82,KVNGS3,USD,Sample transaction,2022-12-06T18:40:55Z,API
695,542.92,RH4IID,EUR,Sample transaction,2022-03-12T18:43:21Z,API
696,163.81,AI6LR3,USD,Sample transaction,2021-12-15T12:04:53Z,API
697,823.15,T09QRL,USD,Sample transaction,2021-12-15T17:04:22Z,API
698,387.04,L9U59A,GBP,Sample transaction,2022-06-05T06:41:40Z,API
699,874.47,1KKEVL,EUR,Sample transaction,2022-10-21T15:55:02Z,API
700,427.45,I31O23,EUR,Sample transaction,2021-10-03T13:38:33Z,API
701,132.43,C1S2I7,USD,Sample transaction,2022-09-12T14:39:50Z,API
702,971.48,GQMNVG,GBP,Sample transaction,2021-03-09T06:55:46Z,API
703,602.25,7CDBOY,GBP,Sample transaction,2022-06-18T08:03:29Z,API
704,99.66,HN2MVW,NGN,Sample transaction,2021-03-31T18:13:55Z,API
705,709.97,KHVDRG,NGN,Sample transaction,2022-08-30T19:51:34Z,API
706,347.8,0TI4TA,USD,Sample transaction,2021-08-09T14:05:02Z,API
707,114.01,WFOG26,USD,Sample transaction,2022-12-20T14:54:49Z,API
708,173.72,9PFEXP,EUR,Sample transaction,2021-03-14T04:59:18Z,API
709,925.62,B4SBI6,GBP,Sample transaction,2021-05-19T23:07:12Z,API
710,433.38,ZKN78G,EUR,Sample transaction,2021-11-08T05:17:35Z,API
711,220.69,UT1B5R,GBP,Sample transaction,2021-02-28T17:55:34Z,API
712,92.66,582YLB,EUR,Sample transaction,2022-12-28T22:17:51Z,API
713,874.66,KR5QO5,NGN,Sample transaction,2022-03-27T15:01:40Z,API
714,839.13,VQ0UBO,NGN,Sample transaction,2022-04-22T14:29:32Z,API
715,295.71,WK8EFY,EUR,Sample transaction,2021-10-22T21:32:38Z,API
716,255.66,XZRNZA,EUR,Sample transaction,2022-01-12T10:47:33Z,API
717,331.81,HAUBPF,USD,Sample transaction,2021-09-12T01:53:40Z,API
718,707.29,XK97ZP,EUR,Sample transaction,2021-04-15T07:04:01Z,API
719,668.79,6A8T62,GBP,Sample transaction,2022-05-20T00:06:10Z,API
720,472.32,RYIZ34,NGN,Sample transaction,2022-09-03T05:23:04Z,API
721,887.78,SUGFN5,GBP,Sample transaction,2022-01-06T07:30:47Z,API
722,830.45,VXS5GP,USD,Sample transaction,2021-01-17T07:33:18Z,API
723,78.18,UM4G7V,NGN,Sample transaction,2021-04-03T05:45:46Z,API
724,905.9,YQF3VX,USD,Sample transaction,2022-09-16T22:49:20Z,API
725,430.81,B0YB2N,GBP,Sample transaction,2021-04-25T18:47:06Z,API
726,951.17,MPGJO4,NGN,Sample transaction,2022-04-19T07:39:20Z,API
727,905.43,2743YA,NGN,Sample transaction,2022-10-06T10:54:05Z,API
728,894.47,NFYVCF,USD,Sample transaction,2021-08-09T00:08:52Z,API
729,233.1,XB9CP0,GBP,Sample transaction,2021-11-30T20:30:57Z,API
730,662.19,7LVDU6,GBP,Sample transaction,2021-10-22T22:30:01Z,API
731,499.56,3MD2R0,GBP,Sample transaction,2021-01-02T13:22:15Z,API
732,16.85,FKK52V,GBP,Sample transaction,2021-08-25T21:59:00Z,API
733,464.96,QJPR4G,GBP,Sample transaction,2022-11-01T12:21:37Z,API
734,60.63,UBZVE7,NGN,Sample transaction,2021-08-09T01:34:15Z,API
735,16.29,TFSICR,USD,Sample transaction,2022-08-17T04:04:45Z,API
736,350.01,CIAPBO,GBP,Sample transaction,2021-10-12T04:01:42Z,API
737,237.31,BRND5R,USD,Sample transaction,2022-06-20T14:51:21Z,API
738,47.24,GOZJOM,USD,Sample transaction,2022-03-02T21:06:12Z,API
739,896.05,WRM5XL,USD,Sample transaction,2022-04-11T17:29:27Z,API
740,756.47,2A14DG,USD,Sample transaction,2021-09-21T22:59:00Z,API
741,869.19,GMYMGR,GBP,Sample transaction,2022-06-19T22:08:06Z,API
742,981.24,OBEL1Z,USD,Sample transaction,2022-08-23T22:26:16Z,API
743,762.25,2G1W96,USD,Sample transaction,2021-08-22T11:12:56Z,API
744,460.76,72AWO5,GBP,Sample transaction,2021-06-11T09:11:53Z,API
745,429.03,ZFK289,GBP,Sample transaction,2021-03-06T06:15:49Z,API
746,783.91,8IR74J,GBP,Sample transaction,2021-01-29T09:12:48Z,API
747,532.7,XGGOLR,NGN,Sample transaction,2021-11-29T08:51:37Z,API
748,335.72,KXJV7V,USD,Sample transaction,2021-05-21T21:14:23Z,API
749,410.8,BUZ427,EUR,Sample transaction,2021-06-14T15:48:06Z,API
750,755.15,2P1M2T,USD,Sample transaction,2022-09-24T04:41:07Z,API
751,730.35,8WHZZG,NGN,Sample transaction,2021-03-19T13:32:54Z,API
752,361.85,2D6QD0,EUR,Sample transaction,2021-10-23T06:39:34Z,API
753,181.78,F26G4B,EUR,Sample transaction,2021-07-11T22:12:17Z,API
754,295.46,ECAG2R,USD,Sample transaction,2022-09-19T23:32:10Z,API
755,558.62,CT80QG,NGN,Sample transaction,2021-10-26T14:03:49Z,API
756,434.13,LRFBO7,EUR,Sample transaction,2022-07-18T05:51:37Z,API
757,514.27,C7GK0Z,EUR,Sample transaction,2021-05-21T15:33:20Z,API
758,375.04,9DHPD2,USD,Sample transaction,2021-08-05T08:07:58Z,API
759,768.03,RJK8UN,NGN,Sample transaction,2022-05-01T14:14:30Z,API
760,742.03,FJH1DH,EUR,Sample transaction,2021-08-11T12:53:47Z,API
761,425.42,4NQMFU,GBP,Sample transaction,2021-01-10T01:02:22Z,API
762,813.52,2WGAOX,USD,Sample transaction,2022-03-19T12:43:23Z,API
763,495.58,ACWIO7,USD,Sample transaction,2022-01-03T23:09:50Z,API
764,892.88,NZL4X7,NGN,Sample transaction,2022-05-30T04:28:33Z,API
765,959.35,DKGVR9,EUR,Sample transaction,2021-01-11T16:41:17Z,API
766,892.43,II6I0L,EUR,Sample transaction,2021-11-12T19:04:48Z,API
767,946.61,GOZ1SP,EUR,Sample transaction,2022-09-16T12:52:16Z,API
768,540.33,YS1BSO,EUR,Sample transaction,2022-08-03T04:37:55Z,API
769,280.57,WL0I0X,USD,Sample transaction,2021-08-31T20:30:29Z,API
770,598.57,WWMD07,EUR,Sample transaction,2021-11-30T07:45:27Z,API
771,207.02,LL0296,EUR,Sample transaction,2021-10-29T14:21:56Z,API
772,944.35,KT8KGN,EUR,Sample transaction,2021-01-12T13:36:30Z,API
773,632.12,UU7SU7,EUR,Sample transaction,2021-04-10T05:58:37Z,API
774,258.51,IU7Q9J,EUR,Sample transaction,2022-09-04T09:10:52Z,API
775,985.88,37B5MI,NGN,Sample transaction,2022-03-24T22:37:50Z,API
776,422.71,5Z92M4,EUR,Sample transaction,2021-11-04T19:53:34Z,API
777,701.77,9C3T7X,NGN,Sample transaction,2022-03-16T03:31:13Z,API
778,111.1,IW7MQK,NGN,Sample transaction,2021-04-02T21:05:29Z,API
779,567.73,767PE7,NGN,Sample transaction,2021-09-19T08:47:50Z,API
780,700.99,3D9N5V,GBP,Sample transaction,2021-06-19T03:43:11Z,API
781,864.2,Y6B158,USD,Sample transaction,2021-10-24T22:55:31Z,API
782,67.74,XUVYEU,EUR,Sample transaction,2022-03-22T10:55:42Z,API
783,838.4,2N4R0A,NGN,Sample transaction,2021-10-21T20:22:33Z,API
784,286.18,XGRA38,USD,Sample transaction,2022-05-05T19:39:40Z,API
785,782.85,WNZBBQ,GBP,Sample transaction,2022-12-25T16:35:23Z,API
786,322.05,QUTAN6,GBP,Sample transaction,2022-12-28T05:52:07Z,API
787,621.64,JN2ZE1,GBP,Sample transaction,2021-05-04T20:29:22Z,API
788,709.99,5AF6YF,NGN,Sample transaction,2021-01-04T06:45:42Z,API
789,916.44,YIO8ML,USD,Sample transaction,2021-11-28T23:27:32Z,API
790,632.25,F51Q5S,GBP,Sample transaction,2022-07-11T08:05:24Z,API
791,403.28,EJSGT4,EUR,Sample transaction,2021-04-26T05:11:27Z,API
792,657.15,52TJHD,NGN,Sample transaction,2021-05-26T14:48:26Z,API
793,67.8,X5A2Q6,GBP,Sample transaction,2022-05-03T08:53:06Z,API
794,177.06,GLQVQQ,EUR,Sample transaction,2021-06-12T23:00:46Z,API
795,121.42,T289HY,NGN,Sample transaction,2022-08-24T02:38:46Z,API
796,467.72,6MCEIM,EUR,Sample transaction,2022-05-22T12:51:59Z,API
797,245.05,MO80B8,GBP,Sample transaction,2022-12-06T03:27:05Z,API
798,202.81,R7OGWN,GBP,Sample transaction,2022-10-12T02:07:30Z,API
799,771.07,7JZ698,NGN,Sample transaction,2022-12-31T02:29:01Z,API
800,562.37,EB7J66,EUR,Sample transaction,2021-02-11T16:29:23Z,API
801,114.75,3C7YOL,GBP,Sample transaction,2022-04-26T06:00:28Z,API
802,27.96,X2P9UM,NGN,Sample transaction,2022-08-29T00:59:35Z,API
803,719.89,PZ9ECU,USD,Sample transaction,2022-11-05T01:57:53Z,API
804,214.23,EAWOW8,NGN,Sample transaction,2022-05-25T14:45:55Z,API
805,472.98,96Q9VG,NGN,Sample transaction,2022-10-26T22:40:35Z,API
806,874.23,WMD3ND,EUR,Sample transaction,2022-11-22T16:43:08Z,API
807,731.16,2ZDVFG,GBP,Sample transaction,2021-01-27T05:59:38Z,API
808,850.89,NRUJA9,EUR,Sample transaction,2021-12-09T08:09:51Z,API
809,546.26,PAEUWM,NGN,Sample transaction,2021-09-24T02:29:27Z,API
810,794.96,SBDV56,NGN,Sample transaction,2021-11-25T06:22:49Z,API
811,331.94,JYWV0U,EUR,Sample transaction,2022-03-03T15:14:26Z,API
812,323.75,G4ZU6M,NGN,Sample transaction,2022-12-04T13:03:21Z,API
813,787.06,NEV3TR,USD,Sample transaction,2022-03-19T17:42:23Z,API
814,497.23,482C1Z,GBP,Sample transaction,2022-03-11T11:50:29Z,API
815,815.96,170H2X,USD,Sample transaction,2021-09-23T14:26:58Z,API
816,179.8,VSZ89Z,EUR,Sample transaction,2021-11-07T22:45:35Z,API
817,455.81,VWMIU2,USD,Sample transaction,2022-02-24T20:57:55Z,API
818,349.96,8HZAEQ,NGN,Sample transaction,2021-08-11T20:03:48Z,API
819,941.75,KLNOWW,USD,Sample transaction,2021-11-11T11:09:01Z,API
820,972.33,O3OOU8,USD,Sample transaction,2021-01-03T05:55:25Z,API
821,336.2,5S038C,NGN,Sample transaction,2022-02-16T23:48:15Z,API
822,188.38,EDNFJA,USD,Sample transaction,2022-10-19T07:39:24Z,API
823,272.7,RB1HYU,USD,Sample transaction,2021-06-27T23:36:59Z,API
824,775.13,8OFY2M,NGN,Sample transaction,2022-08-04T22:00:09Z,API
825,256.5,QC8DF8,GBP,Sample transaction,2021-09-22T02:15:50Z,API
826,652.1,TKR4GU,USD,Sample transaction,2021-05-20T15:13:59Z,API
827,292.87,61UPMX,GBP,Sample transaction,2022-05-01T20:55:00Z,API
828,645.11,D0QA76,USD,Sample transaction,2021-12-30T12:18:02Z,API
829,353.27,MH4EGD,USD,Sample transaction,2022-01-25T17:27:11Z,API
830,523.79,S6LXIP,NGN,Sample transaction,2022-03-03T12:59:00Z,API
831,998.54,NFTXVT,EUR,Sample transaction,2022-03-23T14:43:26Z,API
832,192.07,2JOU95,GBP,Sample transaction,2022-11-19T16:44:39Z,API
833,122.76,4NAM95,GBP,Sample transaction,2022-10-05T23:49:41Z,API
834,553.4,WYCD86,NGN,Sample transaction,2021-04-08T03:14:26Z,API
835,201.26,RAZPA1,USD,Sample transaction,2021-09-13T05:03:00Z,API
836,537.51,YA7B4H,EUR,Sample transaction,2021-12-07T04:00:19Z,API
837,622.32,KXAPCM,EUR,Sample transaction,2022-05-01T19:55:56Z,API
838,449.71,AH6KRY,NGN,Sample transaction,2022-07-30T04:32:34Z,API
839,791.65,YZI6M7,GBP,Sample transaction,2022-05-03T09:29:10Z,API
840,106.03,WS5T23,NGN,Sample transaction,2021-02-05T02:13:02Z,API
841,902.46,FE2SKF,GBP,Sample transaction,2022-11-23T10:26:58Z,API
842,702.34,NBMCFS,GBP,Sample transaction,2021-10-24T01:10:16Z,API
843,805.68,725K4V,NGN,Sample transaction,2021-04-01T00:53:05Z,API
844,358.89,ZS1V0T,USD,Sample transaction,2022-01-13T17:07:16Z,API
845,955.91,133RI5,NGN,Sample transaction,2021-12-17T02:20:17Z,API
846,494.48,AOY5XS,NGN,Sample transaction,2021-06-03T11:28:40Z,API
847,632.63,517EJ3,EUR,Sample transaction,2022-04-28T16:24:22Z,API
848,826.71,HV5B7Q,NGN,Sample transaction,2021-04-23T06:34:31Z,API
849,791.11,TZGU7C,USD,Sample transaction,2022-08-30T15:01:40Z,API
850,700.5,P6F9M1,GBP,Sample transaction,2021-12-07T18:55:36Z,API
851,188.4,T132IP,NGN,Sample transaction,2021-09-07T08:10:20Z,API
852,340.42,F8EKF6,NGN,Sample transaction,2022-06-30T12:45:21Z,API
853,516.26,Q8GBR9,USD,Sample transaction,2021-03-24T09:42:12Z,API
854,656.59,DDHB1K,NGN,Sample transaction,2021-04-27T08:40:30Z,API
855,127.43,BNRWIP,GBP,Sample transaction,2022-01-03T06:43:05Z,API
856,648.79,A0TM4H,USD,Sample transaction,2022-08-10T07:16:19Z,API
857,605.91,DR6PUD,GBP,Sample transaction,2022-11-05T14:12:07Z,API
858,962.98,F7ZU8N,USD,Sample transaction,2022-10-06T06:27:10Z,API
859,935.85,Q20YZT,NGN,Sample transaction,2022-01-20T12:05:13Z,API
860,228.86,CNJM2U,NGN,Sample transaction,2021-05-16T08:42:15Z,API
861,574.75,17I2N2,NGN,Sample transaction,2021-01-02T06:34:22Z,API
862,770.7,QZ78DW,NGN,Sample transaction,2021-06-04T22:13:04Z,API
863,447.65,XLI8N7,NGN,Sample transaction,2021-10-25T20:00:06Z,API
864,111.55,2JI4OG,USD,Sample transaction,2021-11-01T11:19:08Z,API
865,963.77,KWBO7V,GBP,Sample transaction,2022-03-02T12:20:23Z,API
866,412.77,KO6CFX,EUR,Sample transaction,2022-04-26T08:03:50Z,API
867,624.62,G1XT07,GBP,Sample transaction,2021-04-13T00:35:50Z,API
868,437.36,U2E6JL,EUR,Sample transaction,2021-12-27T08:36:00Z,API
869,390.65,VRDWS8,GBP,Sample transaction,2021-06-11T04:19:00Z,API
870,422.71,2T4HO1,GBP,Sample transaction,2021-02-01T05:44:37Z,API
871,318.72,I4EAPT,USD,Sample transaction,2021-03-03T22:58:09Z,API
872,952.41,03N9EQ,GBP,Sample transaction,2022-08-04T03:20:37Z,API
873,60.27,7TEWBS,EUR,Sample transaction,2021-02-02T01:15:55Z,API
874,447.17,PIQEM4,USD,Sample transaction,2022-07-21T17:48:47Z,API
875,989.61,H7GY0M,GBP,Sample transaction,2021-08-23T16:37:02Z,API
876,65.39,YP8IMQ,EUR,Sample transaction,2021-12-16T04:05:38Z,API
877,90.77,WRVSXZ,EUR,Sample transaction,2021-06-24T15:26:51Z,API
878,647.22,33LOL0,EUR,Sample transaction,2021-03-01T02:23:12Z,API
879,718.61,QEWCQ0,GBP,Sample transaction,2022-12-23T11:32:46Z,API
880,857.11,9S4XX6,NGN,Sample transaction,2022-02-10T12:38:49Z,API
881,237.26,O5BM72,EUR,Sample transaction,2021-08-29T14:42:31Z,API
882,172.05,N7ILCY,GBP,Sample transaction,2021-02-18T11:16:59Z,API
883,433.58,RF0X7O,NGN,Sample transaction,2021-03-24T07:29:24Z,API
884,294.19,EOH405,USD,Sample transaction,2021-08-04T15:58:40Z,API
885,735.82,3N7KWU,EUR,Sample transaction,2022-01-21T03:27:52Z,API
886,764.89,R31DRM,EUR,Sample transaction,2022-11-02T17:34:25Z,API
887,419.81,A82JFO,USD,Sample transaction,2022-12-10T19:45:04Z,API
888,752.15,XN1E0Q,EUR,Sample transaction,2022-10-10T11:21:29Z,API
889,126.54,S31L0U,EUR,Sample transaction,2021-06-24T19:37:18Z,API
890,616.52,E1NUIR,EUR,Sample transaction,2022-06-09T03:08:46Z,API
891,366.16,E75AY8,EUR,Sample transaction,2022-08-27T05:46:18Z,API
892,539.48,YLFTZA,USD,Sample transaction,2022-06-10T10:54:23Z,API
893,472.06,ZNVWJX,NGN,Sample transaction,2021-12-06T21:18:20Z,API
894,352.99,J43CWQ,EUR,Sample transaction,2022-05-12T22:37:40Z,API
895,803.54,CLEMYO,GBP,Sample transaction,2022-11-03T22:28:26Z,API
896,73.15,VF1LY8,NGN,Sample transaction,2021-08-23T06:07:26Z,API
897,167.99,G1MILY,EUR,Sample transaction,2022-11-08T13:35:33Z,API
898,651.37,T5EZJ3,NGN,Sample transaction,2022-03-11T16:53:16Z,API
899,745.65,B147B1,GBP,Sample transaction,2021-05-27T16:11:06Z,API
900,746.69,L3JU8V,NGN,Sample transaction,2021-02-01T23:31:22Z,API
901,861.62,MQ96PJ,GBP,Sample transaction,2021-12-28T17:30:23Z,API
902,117.79,VD9TD8,EUR,Sample transaction,2022-07-29T08:51:43Z,API
903,251.11,GSJT0W,GBP,Sample transaction,2021-07-26T23:42:24Z,API
904,759.95,WROHQ5,GBP,Sample transaction,2021-01-04T13:51:18Z,API
905,12.98,5I38PK,USD,Sample transaction,2022-01-24T06:39:10Z,API
906,201.51,4TV7AI,GBP,Sample transaction,2021-03-06T05:33:32Z,API
907,660.04,N5WUW3,EUR,Sample transaction,2022-11-16T01:00:58Z,API
908,386.53,OMAQV6,USD,Sample transaction,2022-11-18T08:25:44Z,API
909,504.13,PQW0UN,NGN,Sample transaction,2021-07-18T12:27:02Z,API
910,35.51,QIGMSB,EUR,Sample transaction,2022-07-04T22:33:31Z,API
911,111.71,MR9WFS,USD,Sample transaction,2022-03-05T16:25:38Z,API
912,949.3,482KNG,EUR,Sample transaction,2021-10-07T01:24:51Z,API
913,870.36,PYN4A4,NGN,Sample transaction,2022-04-01T20:19:18Z,API
914,699.66,8IYAQT,EUR,Sample transaction,2021-02-21T22:54:58Z,API
915,267.84,LU3MR0,GBP,Sample transaction,2021-07-24T03:14:37Z,API
916,622.3,GWM53H,EUR,Sample transaction,2022-01-28T05:39:29Z,API
917,816.3,INMBM0,EUR,Sample transaction,2022-12-24T15:00:32Z,API
918,756.29,3A4U6H,NGN,Sample transaction,2022-12-08T12:06:20Z,API
919,271.4,CLWPHG,NGN,Sample transaction,2021-08-10T14:41:37Z,API
920,369.02,S6OHZ9,NGN,Sample transaction,2021-02-15T07:32:38Z,API
921,263.84,8YZ7CJ,USD,Sample transaction,2022-01-29T06:50:49Z,API
922,409.14,FMRDBN,EUR,Sample transaction,2022-01-30T10:14:00Z,API
923,452.78,NIKLIG,GBP,Sample transaction,2022-07-21T23:32:12Z,API
924,439.19,76SD5M,GBP,Sample transaction,2022-11-10T21:54:24Z,API
925,194.42,I5PZZJ,EUR,Sample transaction,2021-10-24T00:17:09Z,API
926,590.24,ILW9YK,NGN,Sample transaction,2021-03-22T00:07:30Z,API
927,298.43,FSOOQB,GBP,Sample transaction,2022-04-17T16:49:02Z,API
928,405.23,4NZSKS,NGN,Sample transaction,2021-06-29T14:22:46Z,API
929,44.74,70Y368,USD,Sample transaction,2021-10-15T07:21:58Z,API
930,74.53,I29Z11,EUR,Sample transaction,2021-08-13T18:52:09Z,API
931,809.51,7OPQIJ,GBP,Sample transaction,2021-07-10T01:54:33Z,API
932,301.53,ZR8TGA,NGN,Sample transaction,2022-10-06T07:58:24Z,API
933,881.66,7NWKIC,NGN,Sample transaction,2021-05-19T12:49:16Z,API
934,782.35,OWDYN2,GBP,Sample transaction,2021-03-02T19:30:48Z,API
935,927.31,9YILAZ,GBP,Sample transaction,2022-10-13T21:33:24Z,API
936,720.01,YFJP88,USD,Sample transaction,2021-08-30T18:52:09Z,API
937,476.11,Y1DXXJ,NGN,Sample transaction,2021-09-29T17:45:58Z,API
938,227.57,ZTS80U,NGN,Sample transaction,2021-10-11T06:40:13Z,API
939,316.35,8I29M7,NGN,Sample transaction,2022-02-14T04:45:03Z,API
940,158.13,0KMRYN,GBP,Sample transaction,2021-04-23T20:56:02Z,API
941,407.74,MN88VW,USD,Sample transaction,2021-12-28T23:36:53Z,API
942,351.56,QFDMM3,USD,Sample transaction,2021-07-21T22:06:09Z,API
943,417.35,WX738W,NGN,Sample transaction,2022-06-29T02:17:32Z,API
944,536.35,S9AEDL,GBP,Sample transaction,2021-10-08T21:37:32Z,API
945,140.97,GFTTGZ,USD,Sample transaction,2022-08-16T17:43:05Z,API
946,136.48,F2BGTA,EUR,Sample transaction,2021-08-09T13:54:50Z,API
947,773.28,T3J1JI,GBP,Sample transaction,2021-09-05T16:00:41Z,API
948,189.66,GHLN12,EUR,Sample transaction,2022-02-12T14:17:17Z,API
949,571.87,GO55BR,USD,Sample transaction,2021-11-14T17:59:48Z,API
950,82.11,F7OGHC,EUR,Sample transaction,2021-07-22T12:05:23Z,API
951,322.87,LBOP91,GBP,Sample transaction,2021-05-03T15:09:25Z,API
952,464.42,Z0KW2U,GBP,Sample transaction,2022-12-19T13:02:37Z,API
953,179.76,CC8OLN,NGN,Sample transaction,2022-11-13T11:39:03Z,API
954,737.9,LOR7G2,USD,Sample transaction,2021-11-20T11:34:16Z,API
955,574.9,E64LHE,GBP,Sample transaction,2022-11-29T14:58:09Z,API
956,874.86,43R4YU,NGN,Sample transaction,2021-11-12T13:51:02Z,API
957,170.45,7HZWMJ,EUR,Sample transaction,2021-04-25T10:45:40Z,API
958,891.97,00Z2CF,USD,Sample transaction,2021-04-11T20:28:12Z,API
959,176.67,TLI2IM,USD,Sample transaction,2021-09-08T16:40:01Z,API
960,918.83,8P2KHG,NGN,Sample transaction,2021-06-17T19:16:26Z,API
961,413.82,2VUN19,GBP,Sample transaction,2021-11-15T21:44:17Z,API
962,958.43,A5QHTU,USD,Sample transaction,2022-02-18T15:33:36Z,API
963,457.28,F2NTI4,USD,Sample transaction,2022-07-27T22:50:02Z,API
964,443.61,E1JM2Z,EUR,Sample transaction,2021-06-20T06:17:24Z,API
965,410.65,BEGYK9,NGN,Sample transaction,2021-10-25T01:50:14Z,API
966,474.36,FAU8OZ,EUR,Sample transaction,2022-03-02T20:55:07Z,API
967,256.3,8HV297,GBP,Sample transaction,2021-02-04T00:48:37Z,API
968,175.33,DA7J10,GBP,Sample transaction,2021-04-29T17:52:51Z,API
969,379.11,GAECSZ,NGN,Sample transaction,2022-05-11T02:07:30Z,API
970,811.7,DP4ULU,USD,Sample transaction,2021-04-21T02:05:15Z,API
971,47.56,YZWWH8,GBP,Sample transaction,2021-08-03T13:02:26Z,API
972,302.06,1LPNSK,NGN,Sample transaction,2022-12-26T19:30:14Z,API
973,875.56,99WEGY,EUR,Sample transaction,2021-04-25T04:14:15Z,API
974,856.78,NESMPQ,GBP,Sample transaction,2022-01-29T11:22:44Z,API
975,273.38,7EBWXB,USD,Sample transaction,2021-09-13T13:59:13Z,API
976,267.01,1TPW8D,GBP,Sample transaction,2022-01-31T17:37:20Z,API
977,305.16,IHLWFE,NGN,Sample transaction,2022-05-01T04:14:38Z,API
978,539.86,79P35V,EUR,Sample transaction,2022-03-31T07:12:49Z,API
979,705.4,T49ZZB,USD,Sample transaction,2021-05-08T19:15:39Z,API
980,878.02,Q80MM7,NGN,Sample transaction,2021-08-03T10:49:41Z,API
981,123.34,PDDFSJ,GBP,Sample transaction,2021-11-18T21:31:35Z,API
982,696.34,ZP3KIA,EUR,Sample transaction,2021-05-21T23:32:52Z,API
983,978.38,HNBNQN,NGN,Sample transaction,2021-09-10T01:40:56Z,API
984,245.26,13H8J6,GBP,Sample transaction,2022-08-27T10:51:55Z,API
985,525.11,A6G4YS,USD,Sample transaction,2021-02-07T03:37:37Z,API
986,450.8,G97FYY,EUR,Sample transaction,2022-06-02T09:01:48Z,API
987,320.65,14CHMU,EUR,Sample transaction,2022-06-23T02:23:00Z,API
988,72.43,R8N3WF,EUR,Sample transaction,2021-07-11T05:53:55Z,API
989,866.0,Q0JK6V,EUR,Sample transaction,2022-02-15T17:22:07Z,API
990,587.09,73WK7W,USD,Sample transaction,2022-12-01T21:48:51Z,API
991,607.47,E1ZJW2,GBP,Sample transaction,2022-12-25T02:14:45Z,API
992,449.52,P8RBNV,GBP,Sample transaction,2022-08-22T05:09:16Z,API
993,367.12,0YQSNR,USD,Sample transaction,2022-11-14T22:38:27Z,API
994,336.41,N4UQHQ,NGN,Sample transaction,2021-03-16T23:10:10Z,API
995,586.63,WUH1HX,EUR,Sample transaction,2022-12-22T15:20:43Z,API
996,670.4,7QOWTH,EUR,Sample transaction,2022-11-06T02:20:54Z,API
997,41.17,17O3SP,NGN,Sample transaction,2022-03-10T07:24:03Z,API
998,958.62,7HYIOV,EUR,Sample transaction,2021-04-07T23:57:54Z,API
999,111.47,VNA1J9,NGN,Sample transaction,2021-04-16T00:19:37Z,API
1000,12.81,X6U8KY,USD,Sample transaction,2021-06-22T19:52:30Z,API
